0.12048536,-4.892166334
-2.154401337,-4.537418877
0.552313322,-4.22349569
3.332782493,-2.754315155
-1.795474103,-4.458213091
2.563110357,4.558953578
5.088361876,0.719546981
2.402376747,-5.209375671
4.493541426,2.211390303
4.806677578,-1.629717729
-3.544069937,-3.644675544
3.514515386,4.128110891
4.750855982,-0.734053954
2.542251893,4.212114923
1.450364965,-4.438234015
5.491599423,1.490693915
-1.148710333,-4.530610095
3.831718784,3.297453118
-4.021224309,-3.6624935
-4.241809997,-3.123613095
4.248089723,2.351725105
4.146449936,3.16164472
-0.485558746,-5.498399101
-0.06620138,-5.010482587
2.213171914,-4.510376015
3.502356938,2.766515868
2.565323269,5.154854654
-2.770905703,-3.608960607
3.529630466,4.621196699
3.602427835,2.763409141
1.615952865,-5.115957766
-2.430512767,-4.382134063
2.474007851,-4.313717408
-0.549692819,-4.906659929
2.182550723,4.66265532
3.854811451,2.463086558
4.610425481,-2.938685744
4.41052463,1.803847246
1.769826029,4.672777762
5.366492348,-0.904469197
1.659366197,-4.261435256
3.028288889,4.381003765
-2.523018061,-5.431757933
3.676403973,4.349614766
-0.58963992,-5.342369113
-3.429138672,-4.137864079
2.062543142,-5.193082488
4.963013103,-0.079103135
2.279747714,4.500577889
5.505697816,1.335426755
-0.350970495,-5.036589654
-3.611793333,-3.568830329
4.227828063,-2.71806119
1.369584912,-5.248947076
3.713219833,-2.345112817
-2.479824714,-4.568371994
-4.485633949,-2.992925535
4.653638432,-0.474964803
1.318940263,-5.208419502
3.110345647,3.282241809
5.3177924,0.814828524
-1.870460798,-4.747278945
3.078304746,-4.201347929
4.598513692,-0.871877051
-0.749860464,-4.543020275
-1.508523085,-5.263635109
-4.568661568,-3.022317847
3.709660218,-3.3303516
3.953921935,3.7148687
3.324490055,4.367326903
-1.16957726,-5.245512015
4.342643897,1.282484357
-0.137680317,-5.15325151
-3.717008685,-3.111030396
0.474896762,-4.928817928
-1.533886986,-4.741399021
3.914996589,-3.486741635
4.41062767,3.121904429
4.633595709,1.996279807
-2.453128413,-3.990909634
3.272678094,4.382641338
4.459958764,-2.312782722
-0.288283355,-4.902016112
-4.071856507,-2.938958334
5.369074441,-0.398342865
4.231583137,3.208768118
5.306917768,-0.023341265
1.461797606,-3.991915061
3.096605742,-3.81385223
2.282126798,-4.123983044
4.998132963,-2.150255006
3.022048727,2.99409981
1.787511524,-3.850206267
3.311507529,-3.959764024
5.071487328,0.607056049
3.689801071,3.493047731
3.503592627,-3.147268325
5.156726059,-0.930416525
0.205154811,-5.217639605
-4.312202144,-3.093784486
3.764083384,-3.399019664
4.674961651,1.561094372
3.521490787,-2.673076881
2.330233806,-4.073581157
3.430661438,4.300012561
-2.489940932,-4.000135045
-2.2957364,-3.895366306
3.608059267,-3.297413312
4.85791714,-1.345783334
4.969979505,-1.358537108
4.51929031,-1.054673012
-0.232296345,-5.1014221
3.597783062,2.814743913
-4.036524035,-3.247888424
4.302453834,3.646126311
-1.409676942,-4.440699272
2.441729682,-4.470501616
1.790440201,-4.358688755
-2.918090626,-4.203007052
4.754254389,0.315867173
-2.833295213,-3.538248472
-2.679849534,-4.118421017
3.50885652,-2.408287733
-2.989868017,-4.759419341
-3.908383459,-2.612196701
-4.732735859,-2.504156486
4.616661811,-2.46116983
3.694547935,3.720736564
4.240566983,-2.688722478
-3.956066783,-4.03935395
-3.824388093,-4.226472838
-2.62531602,-4.020110137
2.66255289,-5.27297192
3.909838743,3.995138146
-1.497329259,-3.926877643
-0.098493662,-4.387386839
5.378646293,0.466584788
1.67365271,-4.240421344
-3.928497454,-2.622662637
-4.319326228,-2.313655977
4.747665505,0.357023408
3.017488536,3.696894116
2.097619127,-4.724342036
2.500584182,-4.706497632
-2.263802826,-3.994174016
2.826512675,-3.830820666
-0.681983056,-4.676816152
3.551449223,-4.29523787
4.398043747,2.237162867
4.109258088,3.338832993
5.083025603,2.298399239
-4.304839616,-2.749888077
1.436370697,-4.437409674
-1.221959639,-4.767280941
3.041140824,-4.102750421
5.126679392,0.870542161
3.765788912,-2.731785915
3.887003777,-1.311388548
4.778015634,-0.13568355
4.886358527,-0.374195003
4.427873374,-2.738425354
4.946961562,-0.997585448
4.233764977,-3.336077054
-2.277507995,-5.507688705
-1.094144911,-5.045692269
4.131282971,2.284025154
3.204631012,-3.819950871
-2.873585296,-4.461651276
2.134330154,-3.98253806
-2.409334173,-4.430681459
-4.804555852,-1.991268756
4.86439948,2.400768728
-5.003721669,-1.818988906
-2.643596833,-3.468866829
-1.924896638,-4.868970861
5.70811486,-1.547557781
4.945150772,0.302513891
0.58345378,-4.948563254
-3.954133844,-3.474402408
3.659816447,-4.29364758
3.547624264,-3.040754974
4.206166118,0.642791447
4.455102944,-2.513584691
2.500707647,4.30910599
4.013558687,-1.795050881
-0.84194463,-4.674723767
5.208554033,0.245844862
-4.128248461,-3.114188101
3.670811381,3.915068452
-4.992629914,-1.995383934
5.080044443,-1.6378445
-3.587513418,-2.708377991
-2.198959815,-5.658896837
3.471957395,3.148035991
-0.438003956,-5.010925485
-0.12390975,-4.449436262
4.156746622,-3.424637386
-3.089621598,-4.069351743
2.47812727,-3.915663835
4.856695409,0.834565828
-0.381288444,-5.216752413
-1.519328177,-4.781959432
3.213408396,-3.662299223
5.151953641,0.068459864
4.490928519,2.374428864
5.163451588,-1.270628964
-2.567959229,-4.810791227
0.276682659,-4.422738637
3.370486366,-3.528864482
5.120112847,-1.26768598
4.808844564,0.712133576
3.31010632,3.245037171
0.864951395,-4.183779117
3.700737192,3.84324922
3.822800801,3.300760582
3.556510126,3.615100888
-3.480884125,-2.363491488
-0.654325345,-4.92034509
2.243206145,-4.93466575
-1.121953877,-4.802068355
-4.562272665,-2.563991192
1.412277914,-5.368588142
2.761665489,3.685710398
-4.777698574,-2.321552562
4.040047818,1.749891343
-0.620037798,-4.581925726
3.849523532,3.673672923
3.623668555,3.289672895
-2.861133351,-4.536840239
2.812078641,-3.673984809
1.777736136,-4.470083594
5.495720803,-0.999232972
2.954290851,-3.481061056
4.567273693,-2.22850137
3.109002102,-4.669972741
4.394153835,2.107129911
3.336456173,-3.889194101
3.547658016,-3.488478173
4.991828785,-1.132863465
4.063287789,-2.661808569
-3.475444709,-3.679379788
4.76939038,1.162324817
3.919574992,2.22635872
5.499816973,1.176192994
3.159377336,-3.649504211
1.756511922,-4.417384471
-3.789235313,-4.496503984
-0.900583655,-5.124616796
-1.423842835,-4.743630218
4.284767112,3.803940932
0.299661225,-4.715695135
5.134243558,-1.77235655
3.884843154,4.102380579
4.688505119,3.313395366
4.17289477,2.56051163
5.131176067,0.107226353
3.972982749,2.884117067
4.753992737,0.196051134
3.987554586,-3.256507568
-0.577043284,-5.284890687
4.744574765,1.962819121
5.198037803,-0.400258228
1.323465918,4.213498003
4.824337131,1.291425565
2.944325136,4.628242457
-4.360073491,-3.011435687
2.586799306,-3.96861604
-3.027105182,-3.083946355
-1.560580894,-3.931201669
2.101459062,-4.676231499
0.607738917,-4.727025312
1.672178627,-5.390160334
4.719624593,-0.464337264
3.320726019,2.957116061
4.992168562,-1.108825378
3.579166601,2.900581912
-4.169070765,-3.086125482
3.954962821,-3.223881093
0.401531239,-5.384026269
5.239770454,1.414025915
4.9364603,0.540141555
-0.395747754,-4.505787842
3.056821285,3.223552063
5.361253402,-2.603351586
4.450144977,1.558085765
0.140769185,-5.236747785
4.70540906,-0.861279983
4.115266566,1.762502983
4.882938964,-1.237806055
0.313274239,-4.714538448
1.406071049,-3.889082042
3.965381507,2.602417488
3.940113685,4.115839898
5.012277193,1.578954815
5.050801985,-1.221323167
2.009024017,-4.740354847
-4.36612484,-2.898710698
-3.092405033,-3.677562912
4.966993215,-1.075496551
-0.590713347,-5.148997366
2.212982771,-4.320112058
-2.785141883,-3.103732352
5.048148973,-1.707148158
-2.149209635,-4.266960182
0.786624578,-4.618753701
-4.217572185,-3.217395771
3.903057868,-1.89759449
-5.010482752,-2.974104587
0.132548147,-5.224213301
-2.547753028,-4.191856542
0.511305723,-5.285126219
5.016614367,0.562051748
-1.676659249,-4.802741843
5.181861042,-1.770910554
3.787909048,-3.719356263
5.267305558,2.032354137
-2.775568043,-4.767753378
5.41111386,-0.421888286
4.322319142,2.874963279
-2.138738763,-4.964250852
2.564233992,-4.530296219
-0.538082718,-5.061928192
5.048611198,1.594655092
-3.292290684,-4.241156866
-3.510692985,-2.453421747
4.754400053,-2.353480441
-2.576853623,-4.209835853
-1.108336657,-4.30441943
4.293021009,-0.559713199
-4.262070288,-2.665566558
4.361237469,2.310862154
4.953955774,-2.842430926
3.425850506,-2.624420109
-1.111801116,-4.036636112
4.931014519,1.544223504
-0.125226987,-4.607378073
-2.125376198,-4.800923934
4.481373598,-1.289075387
4.479248558,-2.908726521
-3.395793538,-2.468459282
4.433112749,-0.76685498
2.284318644,4.523008654
2.393503354,-4.24933037
-2.73446032,-3.939396633
1.84052592,3.70213569
4.625260215,-1.489405405
3.200538913,3.991907805
-3.159891614,-3.933405194
4.160512334,2.457153886
5.182214206,1.12369191
1.160761449,-4.849700716
-2.468480878,-4.300331009
3.721087544,-4.118639942
-3.165054075,-3.747127346
-2.038089175,-4.327372106
2.276555998,-3.921169017
4.48203553,-2.666261843
0.067338948,-4.744239328
-3.17176149,-3.612848893
5.023309604,-0.86446596
1.944557498,-4.824172218
2.32323126,4.385536756
1.355840032,-5.140043697
3.24374013,3.833741412
-2.424714411,-4.347795449
-3.489777302,-3.022871316
1.592590751,-4.20129404
-2.705165986,-4.809600188
-1.507291663,-4.770590127
3.733914467,-2.243960154
4.925053207,-1.693527169
4.728088272,2.592784804
-2.205459899,-4.019367022
4.612805181,2.683125103
5.060834919,0.42084399
5.198524068,-0.062165022
3.118770579,-2.938028273
5.044727369,0.928351847
4.539563375,-0.50358348
-3.04208758,-4.287006947
-3.65066687,-2.702737264
3.254669768,4.317529236
4.95006239,1.741137709
5.426883839,-2.343297755
-4.589748934,-2.53891776
3.460860773,2.846112153
0.546024018,-4.868974599
-0.701077019,-4.638530754
3.097017387,-4.250839985
-0.382052038,-5.040987726
3.299190622,-2.850315428
2.933518507,-3.728415723
-0.531109887,-4.029921122
-2.679623602,-4.354071698
0.347854237,-4.739613918
-2.240107744,-4.410977559
5.011631467,-1.242608368
3.267596377,2.885277215
4.598409053,-2.40441344
-2.181376386,-4.318705029
4.903131272,-0.524297314
5.044441974,0.320245492
0.129081279,-4.334963624
1.655112926,5.028873963
4.795759085,-0.599114807
-0.800327645,-4.587087121
3.761522894,-3.347604545
3.456746342,3.382582556
5.261159486,1.814455636
2.124622166,-4.839813564
0.045503227,-5.227903902
2.176238319,-4.077029186
2.22815048,-4.544437825
3.403844036,-3.193536319
2.570092547,-4.281867682
4.667608945,2.578477168
4.770632525,3.542702212
4.831921721,2.675664078
3.238932322,-3.359297073
2.73338975,5.039184958
-2.254425724,-4.454559504
4.825752891,-0.987927127
4.839622156,-0.771879953
5.08013893,-1.532301118
1.970298722,-3.830846172
-0.935306925,-5.109320478
3.24307204,4.29354689
5.614420439,-0.905628638
3.00654472,4.55268174
5.214306775,0.144903888
5.775671273,0.800717599
4.377516928,2.828587687
5.102798091,-1.077727974
5.899800393,0.519284002
1.851713742,4.730436222
-2.010437606,-4.583974524
3.717991092,3.644295396
-0.208944965,-4.439313569
-1.889516268,-4.143454727
4.074242416,2.653990485
4.349809201,2.22852447
5.336865946,-1.24053904
2.393093133,-4.297694177
5.405350862,-0.061478847
-0.375730849,-4.982243782
4.742827101,-1.858017632
3.835045471,3.296224601
4.108346315,2.123728035
-1.423019495,-4.782384312
-4.383953435,-3.426512109
5.000603512,1.70965744
-2.402371046,-4.447926459
0.927645485,-4.741033068
4.855806911,1.141641759
3.582800348,-3.067058131
-3.121942392,-2.032486141
4.247291906,-2.02495858
5.038341753,-0.823425633
3.287759778,-3.495361644
-3.954259543,-2.258832956
1.36723605,-4.763985919
3.431469206,-2.615982277
2.445711903,-4.236695827
-4.080041147,-2.407592266
5.895551817,-0.380739534
2.679288377,4.455829016
-2.968484636,-3.218844889
2.229361586,-4.947457371
-2.44204119,-4.046355693
5.525992231,-0.064788356
-0.272632165,-4.988887626
-1.494370131,-4.881788976
1.444473648,-4.218960939
4.604918971,2.365323868
-0.002098998,-5.140754285
3.728510194,-3.533783874
-1.836358001,-3.995456437
-0.60887588,-5.252778552
4.305759902,2.013525871
4.8087823,0.4767083
-3.701024164,-3.02376717
0.841642096,-4.417041529
-1.296190257,-5.053471022
0.16679848,-4.782981604
0.786091353,-5.336952663
4.242895107,1.541700845
3.310856198,4.038455929
-0.615869106,-4.716547976
3.616952547,3.390983473
-4.535404487,-1.723054819
-0.536454651,-4.697328007
2.714949193,-3.970003365
5.26819054,-1.790288221
-0.292919101,-5.011541048
4.585002504,-1.599396829
2.647948692,-4.797955274
-2.474462645,-3.514678374
-1.977727828,-4.251667123
3.428379345,-3.703944867
-2.621618632,-4.062730005
4.314615384,-2.26218896
3.448927536,-3.039723408
1.261533647,-4.628682395
-4.539041186,-2.824156307
2.29413044,-4.450361772
3.14175296,-2.844231552
-1.76235961,-4.452220454
5.070506545,-0.994412467
3.409269167,-3.643409988
2.509717345,5.020647854
-3.838248244,-3.86597404
-3.401889358,-3.303818571
4.46551892,-0.653602791
4.520175147,-1.558429412
0.372951443,-5.353217034
-3.213895827,-4.295534085
-1.272516154,-4.299695644
3.997367204,-2.848064827
4.48262339,-0.3981406
-0.082798877,-5.087871212
1.79269786,-4.905441214
2.479814693,-4.241581397
4.660348352,-0.148314947
-2.27310796,-4.858775271
4.769536657,-0.749838115
-4.313322685,-1.772796161
-1.581995957,-5.43033675
-1.699572954,-4.44087926
5.494664823,2.295062602
3.062495711,3.9344373
2.710040859,-3.415440097
5.623171882,0.065871463
0.960687667,-5.315749713
-0.287718673,-5.455987278
2.237119308,-4.567772222
3.885871384,-3.624578522
5.369801741,-1.846449772
-2.455770602,-4.247636798
5.118618143,-1.116820312
-0.325822855,-5.533689622
-2.620793981,-4.575812522
4.779118812,-1.324258183
5.371340599,-2.12512811
4.763927156,-1.440690589
2.358386391,4.107791711
4.457990543,-1.193110595
4.486472393,-2.319904329
4.664038594,1.881724131
4.583831473,1.219074979
4.426144579,-2.746334583
2.16589787,-4.329056399
5.696474289,-0.773828442
1.620803347,-4.539422644
4.482629902,0.297282739
-4.039584705,-3.526836759
4.426347456,-2.432701556
4.500472295,2.144907796
-2.142640894,-4.997408616
4.56666508,1.563026396
4.387233238,-2.194171144
5.481428558,0.906995778
3.06571162,-3.966270172
3.905641635,1.201080858
4.253752207,0.909261189
4.576630857,-0.282347377
2.407736838,-4.497953153
3.414139358,-3.997027352
1.75574309,-3.862966567
4.64179186,-1.520550165
4.490830488,1.357118836
2.107807135,-3.839925136
3.967575206,-3.086872244
3.394143492,-4.408331691
1.832372638,-4.942261523
4.377350817,-1.476462774
-3.10672424,-3.702247909
-2.73297402,-4.079219428
-2.127512986,-4.816128443
5.588381101,0.707161573
2.239659244,4.026463763
4.038755721,2.526509723
-4.582574442,-2.075789182
5.180321764,2.662347792
-0.874459751,-5.14054283
3.895097522,-2.835309656
-3.109032653,-4.610939003
2.107824259,4.294172769
4.403479927,2.938020405
0.392804034,-5.15169018
0.646556262,-4.526894998
4.565116365,2.70259042
-1.398779139,-4.640225473
1.698209885,4.725145028
4.274778114,2.445854051
3.037570816,-4.145254634
2.628925241,4.680474395
-0.79815299,-5.091445995
-0.250631909,-5.179591284
4.264677694,1.432608811
3.70816905,-2.745310449
1.35645027,-4.831784511
4.014308677,-2.088515571
5.104208072,1.697956291
3.49173607,-4.08148317
-2.576611244,-4.198127423
-3.261273889,-4.026396008
-1.193332775,-4.718123083
4.041903813,1.423452978
-2.911477518,-4.205950225
5.057451897,0.168084882
2.264577685,4.317868045
4.964682627,0.756552375
-0.297934434,-4.920457044
-3.379973838,-3.145778605
-4.32228463,-2.006320128
3.381659551,-3.081356566
-4.895333757,-1.833892327
-4.265599163,-3.250097537
-0.53889891,-4.812019344
-2.655329792,-2.660546741
-0.191281746,-4.672961569
2.20185458,3.416950281
2.146581907,3.598458609
3.269091546,-4.260309382
5.018948764,0.514835672
-0.455692717,-4.269055814
5.077835669,0.345284949
0.744392011,-5.065072501
4.121365057,-0.040977088
1.093770923,-5.066861058
1.916380441,4.030290373
2.442954724,4.3823411
4.239786458,2.173921271
1.783529896,-4.339666476
3.209180844,4.659166655
4.915300347,-1.623941055
4.332011506,-3.758830612
5.264556644,-1.711036374
4.605212721,-3.102622559
3.98151535,2.491103679
5.124347773,-0.346394473
-1.038613485,-5.293736315
4.17454626,-2.9554475
1.465993869,-5.269437288
4.659573821,-0.285767686
4.502151157,-3.563665326
4.225019088,-2.101124603
3.239654358,4.359413074
3.890991974,3.099603141
-4.16096706,-3.349124472
2.478962896,4.099835874
0.922832835,-5.105034555
-2.440196016,-4.742805331
3.793491648,3.765418216
4.205565441,-2.715062391
4.151241806,2.08551716
-4.242381562,-3.003858262
4.04526487,3.24041015
-1.444634977,-5.996640811
-3.354628933,-4.101692087
3.079252774,4.04390502
-2.2811028,-4.117691147
4.468790542,-0.765815572
5.071686422,-1.66221684
5.097688085,-0.990344413
-1.836624729,-4.417297631
2.238598561,-4.179181069
3.256138588,-3.913529273
-4.396049071,-2.735944576
0.020130781,-4.668944879
-4.36082128,-3.545102226
4.644843381,-3.320401578
-1.170977084,-5.96395995
-3.260526241,-4.135974502
4.389614549,-3.303124579
5.527468268,-1.608830004
-5.017699704,-2.155161257
3.549513943,2.714682571
-4.305492369,-3.18253091
3.978167035,3.794484039
1.768687497,-4.502985257
0.392651235,-4.253184858
1.827970448,-4.562970912
1.250593138,-5.167381055
0.340530872,-5.055459106
-0.098325731,-5.111803557
3.268348759,3.167886177
4.961879197,-1.009699632
-2.850574964,-4.310633943
-0.138318529,-5.207693874
-3.380528255,-4.156862742
-1.197796533,-4.677656574
3.005232628,3.94183403
-1.253861962,-5.264914455
4.396421729,-0.009822062
-3.257108411,-4.237098667
-2.99658576,-3.542199835
2.695306623,4.671025126
5.573179383,0.082650139
4.298985882,-1.476627119
5.136548432,1.953645865
4.354757897,-3.062144388
3.006654533,-3.787341464
3.726796277,2.428820919
3.859576273,-3.012479692
4.182192913,-2.755137047
1.642005503,-4.770808045
4.874014326,-0.648602913
-0.441051307,-4.046704169
4.811338305,2.984230161
1.67315858,-5.436162619
3.684747465,-3.067564613
3.852364866,-2.976183033
-4.424029673,-2.10967902
3.725110479,-2.644455332
-1.94290852,-4.717482774
4.177467676,2.057192225
5.257683059,-0.618366166
4.110516044,1.655936088
4.306695862,3.782715018
-1.776328177,-4.59248809
4.38631955,2.729784436
-3.56538388,-4.212559619
-2.076680506,-4.342218395
-0.065301389,-4.773449026
1.706425544,-4.780007502
1.756031346,-4.451007501
0.534564399,-4.543970171
2.430782065,3.957089061
-1.208605829,-4.525167752
3.872850126,-3.025338684
4.132873537,-2.522103631
1.804636323,4.636056259
-3.314764416,-3.693163511
-3.865421313,-3.830950522
2.329128739,-4.106336266
4.660655678,-2.065419494
2.95033767,4.172813802
-2.483955964,-5.124754711
1.270660323,-5.04760353
-3.501821082,-3.927404376
-1.780375035,-4.161887431
4.14234879,2.955336255
3.552577352,2.947991545
-3.61952442,-2.80290157
3.121651241,-4.382417932
3.979757577,-3.590863088
4.220174952,2.856371653
-4.506740334,-1.414695375
4.888220567,0.572103956
-4.109051293,-2.653062911
2.181719824,-3.631162403
2.389770252,-4.33186622
4.662837682,-1.001784992
-1.253763192,-5.125234033
0.910232201,-4.848006208
1.997181465,4.051121522
5.315002243,-1.558782579
4.534684625,-1.376482988
3.544278613,-3.939918018
-4.094429185,-2.885638182
2.984001703,4.569319753
2.53135978,4.280166649
4.602518318,-1.385738639
5.042879742,-0.793688843
-2.659240297,-3.870232672
-4.70169576,-2.643450147
4.245172805,-1.388590487
3.564551906,-3.921224061
4.910229856,0.632167929
2.651379457,-4.137027425
4.449788166,1.644419776
2.836744005,-4.635459336
0.404188586,-5.019255895
0.149135323,-4.895847016
4.555416256,0.513975384
4.092025056,-1.527811873
2.793289024,4.154456701
1.34401873,-5.325765947
5.532320833,1.93284534
-0.063202825,-4.199957805
4.539604499,1.660922974
3.827454816,-3.616308713
1.495765244,-5.2262522
0.614085557,-4.578545898
-4.426455304,-2.312914394
-4.551096721,-2.610099656
3.772477875,3.263214455
-3.889926153,-3.208714055
3.910580804,-0.45633208
4.310490219,2.800275633
-1.523464649,-4.129502357
3.821265906,-3.286430074
2.69997383,-3.310541766
-2.398693201,-3.895668166
1.189149579,-4.902154654
-0.437421751,-5.349061096
-0.345478439,-4.422501478
3.382746287,4.40041631
4.468933895,-1.669559332
-1.174524491,-5.136154095
4.697184379,3.040284525
0.015732424,-5.158312413
-3.723255407,-2.885596005
-1.733383393,-4.271490234
5.192796826,1.252335977
-3.485195609,-3.762459445
4.191972296,-1.454018245
2.103206221,4.110629788
-3.136300002,-4.144651008
4.601761527,0.681782388
-0.889346738,-4.388085847
2.503229678,-4.750450254
-2.278023915,-3.976145379
-4.275162181,-2.871833653
2.077320934,4.228711214
0.669330049,-4.751711262
2.663616896,4.443108651
4.435635998,-0.500659129
5.043210432,-0.187413563
3.937431254,1.665759118
4.26157262,2.837149072
-1.160670559,-4.881437618
-3.110927901,-3.683958266
5.145954173,-1.228695384
-1.046120005,-4.770728792
3.720256292,-3.10122329
3.161730277,-3.845567107
-1.152939224,-4.665740104
1.286172571,-3.984691918
3.410694978,3.706837875
4.461407187,1.530967684
4.616819391,-1.335821886
3.34929828,-4.137996156
-0.392429606,-4.747105417
0.815436464,-5.239515723
4.300579365,3.581423816
4.767543142,1.9558801
0.869046395,-4.628864502
4.159352528,-1.875340612
5.194386974,-0.131643085
3.826780347,-2.235355063
3.386782782,2.966529016
2.933437994,4.590706582
1.394909996,-5.095536868
2.585648271,4.625300727
4.087351849,-1.76337228
5.10732442,-0.525727507
-1.884681955,-4.428200809
4.636862145,2.210017964
4.998995254,-0.192883952
-2.352431686,-5.666606253
3.61538638,3.291658846
3.04124393,3.462163199
5.168990482,1.187799534
4.709947503,-0.976629865
4.63417555,3.515522259
4.001645609,3.427332303
-1.391929991,-4.711477121
0.943336247,-4.894727371
-0.519329635,-5.374880367
4.300764415,-2.069920911
4.520661999,-3.03630009
-4.741038601,-3.189777847
5.656216516,0.338918984
2.842380197,-4.087532217
-4.653914389,-2.221691501
-2.214541658,-4.953675749
4.140505153,2.053124648
2.399042747,-4.723443195
2.197581009,4.098102682
-3.107988247,-2.946069889
4.722665842,2.450484885
4.07202658,-2.536687021
-0.545832001,-4.840942947
4.162741532,3.634722551
5.096218034,1.415594435
4.365919123,3.265947504
2.595160918,-4.927718137
-3.539889975,-3.316004477
1.424040194,-5.10740392
-2.433946571,-5.480011737
-4.982631379,-2.407497872
-0.744771088,-5.177079304
4.549575622,-0.379427813
-2.801838948,-4.398495692
-1.22377677,-4.889538937
4.41610784,2.770925475
2.573600844,-4.857609911
4.438992257,2.941091419
1.58796153,4.511986002
-2.561361997,-3.244535464
3.531647298,-3.095311893
-2.182531604,-3.342325745
1.750174867,-4.858525376
-3.428720329,-3.948139217
-4.172081757,-3.11805442
3.608982401,-3.019313156
4.034707988,-2.076829457
4.869116402,1.366059614
4.94339139,1.45487144
3.427419792,-3.472984398
4.959844864,-0.867534027
4.748772429,1.866566393
0.79521143,-5.702644341
-0.316714754,-4.853435218
-3.072141274,-3.960847698
4.756839568,-1.168864366
4.906050393,-2.81009452
4.783645899,1.112647047
4.19857914,-1.776989893
-3.905102481,-3.977768948
-4.047278947,-3.702385234
4.962140744,2.250953669
3.474932374,4.32787041
1.799350168,-4.166926375
-2.287893246,-3.941606145
4.897555357,0.803108627
3.222727071,3.72394953
4.483409503,1.376814844
4.870977602,-2.520584869
-0.834312625,-5.16807871
4.138798451,1.815510714
4.903455611,2.010706631
3.984723453,-2.919010805
2.56186432,5.019366164
1.446412411,-5.064248898
0.00528958,-4.768839183
-0.530911954,-4.928723591
-2.573525748,-4.52232394
4.669987203,-0.430517643
4.64812511,-1.819651311
3.990418276,-3.624003845
3.974987314,2.360360704
3.609805997,-3.624902355
-1.460447955,-4.84035878
3.539431884,-2.98905514
2.528300521,3.631750904
-2.014554322,-4.930772509
-3.229738075,-3.95749105
2.220215118,-3.828558591
-1.088292042,-5.561169121
2.222037468,-4.4016814
0.445125326,-4.646745399
-4.535469058,-2.827872841
-4.35860527,-2.246351681
-0.826656642,-5.208956362
3.387555852,3.829861591
-2.965692441,-3.816871217
4.893272387,3.634062455
-3.607146127,-2.941780954
2.96400771,2.910331045
0.982233094,-4.635139734
5.68362271,0.372503596
3.254761362,4.083850057
-2.123890514,-4.958883181
1.940571938,-3.738291328
-0.099063203,-4.960459181
2.739858706,-4.526438643
4.727083267,-1.492473021
1.573247644,5.498705541
-1.109689005,-4.946755439
-3.757401036,-3.3938543
3.624159111,3.305766377
5.104128037,1.630117008
2.430244083,-3.74655235
0.239849072,-4.329624265
3.948207773,1.530935259
-0.852137418,-4.329359775
4.52563917,-3.500493188
4.036296374,1.125581489
-1.486118201,-4.707776204
-4.007186264,-2.20364804
3.582319816,-2.804225781
-3.202457127,-4.305459398
4.668192552,-0.966881409
-3.761576387,-3.786625162
4.952801661,-0.372314637
-2.753614042,-4.181725187
-1.556549351,-4.218420503
5.103763695,-1.025347711
-1.949891885,-5.437169895
5.107897332,-1.470222914
-1.769790327,-4.036656011
4.544407791,-0.549536394
4.716067735,-0.615663331
3.160543613,4.08129757
3.169433524,4.181062881
5.015278979,-0.96992729
4.817882366,0.468466518
3.598619004,3.47576172
-4.343436753,-3.027655248
-3.436715925,-4.296496254
2.356346951,-4.193527456
4.351816111,1.847347538
4.456295834,-1.218471155
1.329176982,-4.857657175
-3.674757956,-3.344983827
3.292971829,3.689882079
3.623532171,2.863451463
1.336267742,-4.612848307
2.776950926,4.54741748
3.967644373,-2.358269757
4.294202835,-1.374485057
3.996527164,-2.866420291
2.898479895,3.35239454
5.042678838,-1.346481597
4.798250858,-0.248569938
4.741048003,1.457516888
3.566558176,3.279763447
1.893438864,4.519172507
4.482378066,1.427856068
4.055642616,2.933909148
5.22682066,0.383443554
5.210924918,-2.393256013
4.254576923,-3.074292897
1.410586761,-4.58620077
2.002281586,-4.763972618
-1.982957584,-4.519119133
-0.907168224,-5.50168373
3.472998788,-4.016914207
4.310911865,2.917635115
-4.254997965,-2.708601965
1.855291962,4.043151496
5.206786073,-1.306728488
5.24012776,0.829734745
-0.834303641,-4.48861784
-4.206374019,-2.68736975
-1.331257185,-3.998372504
4.70151742,-1.802589971
-0.433450247,-5.314141523
4.535466739,-1.002084742
-2.985921734,-3.214483367
3.309437723,-3.697619421
3.115708097,-4.375287773
-1.576090333,-4.279147195
4.839779015,-1.100960906
-3.441147976,-3.312042465
4.032471941,-3.693163935
4.678369039,2.030124932
4.821728236,0.899650846
0.175144562,-4.375452359
3.861155451,-2.223591738
-4.157545417,-3.46068556
4.572414907,-1.228002434
-0.667391608,-4.821409453
4.476555334,-1.891665184
4.946627901,-1.048537544
-2.951783125,-5.301358368
1.663664379,-4.603854125
4.270573305,0.997663367
4.587148564,1.209444793
2.239197565,4.030493685
2.885567053,-3.980654161
1.768550278,-4.034608824
0.162261365,-4.91958983
1.390864699,-4.085828125
-2.111572668,-4.189406324
-1.277584658,-4.892613619
-2.241564639,-4.771474531
-2.57167346,-3.654703009
4.896833773,0.736528534
4.132223537,-3.880322839
5.031516555,0.736990488
-3.621112478,-3.537400999
4.358521964,-2.352010214
0.979497074,-4.487857902
2.013286541,-3.972492001
4.646149364,0.232433789
1.175273575,4.207267386
4.306546652,3.672707806
-4.155600543,-1.76423541
2.512292338,-4.850247944
4.540679857,1.645114162
3.569407177,-3.242846105
-4.476654799,-2.179339588
4.82581366,0.455785415
2.216072118,4.294892888
4.723817581,-1.499446948
-0.4831997,-5.318882224
-2.337488227,-4.444419822
4.303047158,-2.982849967
1.25586536,-4.738960393
4.31292581,-2.889982233
0.190700882,-5.106290782
-3.927487971,-2.671954254
-1.73535461,-4.615611824
-3.163073951,-2.758052289
-0.735450692,-4.526004913
-0.984342539,-6.034663501
2.388361143,-4.195504286
-0.513137922,-5.002450325
-4.008577874,-2.777156114
0.973509904,-5.459978889
-2.845069415,-4.800376606
5.332711931,-0.162411566
-2.642230248,-3.983418297
4.350013735,4.178551502
-1.178062591,-4.834823265
2.663937256,-4.47810604
-3.77166482,-3.666171032
1.941952847,5.26102199
-2.537102152,-3.879902393
3.831752172,-3.416121258
-4.860074854,-2.149235431
-0.016352325,-4.255167329
-4.03475478,-2.255862763
0.900871652,-4.263244634
0.858358087,-5.380884791
3.275799144,4.330119467
-4.249687045,-2.525177088
1.624238585,-4.139930273
2.428842639,3.978348727
3.947035869,-2.409680529
3.839354455,-3.232626959
2.805842607,4.651082887
4.804439284,2.07986819
-3.046590001,-3.695343762
4.912282954,0.352996006
-1.974043635,-4.432054962
-2.819418339,-4.234744023
3.639460116,3.708615543
-4.614448711,-2.30078505
4.426607483,-2.00791167
3.942184511,3.800829588
4.726400552,-1.896279766
3.317368422,4.120199016
4.529268737,0.261081321
4.975899872,-2.570473038
3.264864763,3.855398483
-0.66150615,-5.005137827
4.328948965,0.96201518
2.088895064,-4.259644361
4.512864156,-2.39070201
2.952390189,-5.132967738
2.133542257,-4.905823172
-0.532555482,-5.010185318
-0.217274895,-5.320764297
3.434719115,-3.98014403
3.85638112,-2.943616738
0.831550644,-5.564085901
-1.507783918,-4.780376628
-0.700419678,-6.160555694
-2.673884698,-4.709547713
3.946183718,-2.058320087
3.926455214,-2.901458545
-2.621191371,-3.842825615
3.502168494,-2.447962599
-2.335192247,-4.936950373
1.125120611,-4.693540657
-0.763735047,-4.911895464
-4.492586298,-2.654304106
2.905044055,4.402899842
4.042239673,2.515099692
3.859781764,3.338769139
2.180390618,-4.049797252
4.461847643,-1.911384407
2.240685027,4.262613646
4.376353687,-3.100032827
-1.140875983,-4.95012709
-4.558102274,-3.250372036
-3.194718259,-4.205728665
2.743380116,4.101136315
3.454548739,4.105866763
-0.246658428,-4.897693179
2.923905165,3.420463186
1.859977156,-4.365042668
-1.587142656,-4.538701456
0.469928923,-4.774309326
-3.58051332,-3.472959295
-1.608315042,-4.648294282
5.049243448,-0.480721371
4.127280355,-2.240986381
1.027978493,-4.807420598
3.932942209,2.083861254
-3.487515872,-2.754613917
2.586388518,4.253376403
-1.536092627,-4.782229141
4.610680652,0.03667561
4.133026776,-1.986569446
3.571944071,-3.165969291
4.839564882,-0.525516647
3.785426798,1.766569051
-1.749192239,-5.000528302
-0.145130533,-4.520628872
4.418091444,0.632790992
4.320698504,-1.055467739
2.715156187,-4.081960136
-2.523174517,-4.962106172
3.949844192,-3.118075903
-0.358341226,-5.605367934
-0.848860653,-5.16787378
5.03924744,-1.191265863
-1.693949971,-4.606167685
4.348020804,-1.523906029
2.617336574,-3.818135988
4.253822787,-2.126044707
4.524136458,0.242580319
-4.203232885,-2.36447293
1.500655486,-4.777559268
-3.188611075,-3.794230643
4.330753246,-3.175328456
1.002151191,-4.452026487
5.599561512,-0.187225472
-2.308315811,-3.871739877
0.314740907,-4.674162207
4.378187303,-1.81349834
-4.406728322,-3.406843389
2.166389222,-4.376966773
4.354586765,-2.679897904
1.740334504,-4.074748377
4.310333113,3.253745953
5.140628623,-0.909180044
3.239422223,-4.33602607
4.047390089,-3.299601324
3.642227472,3.147432575
4.568730859,-0.142418789
0.17537652,-5.000359458
2.730319159,3.532907109
3.559855441,4.304562338
3.909439742,-3.711515029
5.47779374,-0.119111735
2.985225825,-4.345718404
5.738232524,0.607811848
2.446528066,3.809572287
-3.976759033,-4.026817194
3.378258729,-4.282708535
-4.414124599,-2.500109167
4.479485164,-1.551329322
-1.669061258,-4.971036925
4.414517443,-2.180443183
-1.585691243,-5.130109403
-3.86352852,-3.449261588
4.173525528,2.686745924
-3.933098473,-2.67844768
2.925302326,4.447923429
4.634756356,0.720474547
-1.1563722,-4.459169611
3.989018052,4.522521568
2.32029088,-5.218388128
3.995268262,4.153267283
3.591745277,3.549500761
3.589677104,4.420480346
4.135127328,2.169536847
4.480418335,-0.662115804
4.242700549,1.893827722
-0.536195895,-4.95033649
-0.765668355,-4.395313783
-1.799846007,-5.287263141
2.570457486,-3.942233487
-2.13442932,-4.428551306
4.822338834,1.141940917
2.964581685,4.097469442
-1.13205715,-4.614016177
5.055296906,-0.030561442
3.812354234,-2.482733284
4.961564999,-1.013485323
3.385046204,3.37652623
4.461342179,1.847479866
-2.859160254,-3.91223796
4.88678697,-1.599516261
2.555245007,4.874347908
-4.906572349,-2.173091672
4.717337898,-2.728073803
5.915945578,-1.895362987
-0.606787099,-4.740049941
3.798061294,0.726182302
-1.148664113,-5.48801706
3.180218866,-4.18130265
-3.356806437,-4.246014247
3.442472251,-4.362919983
3.985197872,-3.210957287
-0.019369639,-5.045920465
4.809082869,-2.496237912
0.353738071,-4.841886401
3.551033194,-3.869037699
3.461905345,3.105824405
-4.617120591,-2.383283597
4.192541628,3.564845095
1.010235235,-4.742671357
4.915373955,0.554907094
4.607258872,-0.227452644
4.600338798,2.013847459
4.523334893,-1.247927168
3.660036337,3.078930188
1.655787034,-5.589558559
3.933233865,-2.540231635
-0.144074131,-5.629177763
3.456350455,3.697105092
3.246931599,3.26194209
4.766049822,1.582173384
3.832826498,-2.110332625
5.449972909,2.18745303
3.909846229,-3.388686686
2.281359743,-3.889897389
-4.177328174,-2.327567093
1.871425295,-4.108240872
5.196375609,-0.951483435
-2.559185276,-4.35115719
5.014385355,-1.157477294
3.834689687,1.98405011
3.494265946,-3.870659967
5.268186761,-0.911035065
4.447456807,2.850665945
2.519786218,4.313051969
1.591500153,-4.580110621
2.848522665,4.289739933
2.549905157,-4.66751067
3.586003923,-2.584036046
4.797647689,2.189659614
1.493280741,-4.81760859
2.98621444,-4.549151105
-2.416444629,-3.821179973
4.305665915,-2.05937907
-0.248910881,-5.118210807
4.791885466,0.527867387
4.748625969,2.478770961
3.197726523,-4.529666888
4.797306424,-1.618600027
5.041186851,1.721518542
-1.735733295,-4.693260189
4.806938871,-0.437723081
0.961507161,-5.972172889
1.002864532,-4.865540597
3.550709009,-2.817640929
5.017701681,-2.151820857
-0.747484988,-5.593838551
2.880403741,-4.466603138
4.360763128,-2.87043084
-2.80491351,-4.223802887
3.541901264,4.009814274
3.131611158,3.944358857
1.298812248,4.759130121
-1.031549668,-4.75177863
4.572273088,-0.662601105
-3.988869134,-3.429184456
4.840849481,0.269418328
3.814186037,-3.128338326
4.459799693,-2.519824785
4.773104194,-2.82051674
-3.278066517,-3.927380803
2.679430911,4.185966076
-3.85297229,-1.947651501
4.820320242,2.284536379
4.607084703,-1.106201162
-1.843794585,-4.663237499
-3.207278489,-3.638389917
4.261742891,2.959344769
0.293811998,-5.133233601
4.546205843,-1.557543268
3.812727364,3.614930367
-2.567403124,-4.131585338
-4.45991369,-1.605196249
-2.657944755,-3.703193418
3.42401426,4.309156552
4.637063988,0.26166573
-2.874994417,-4.77987441
5.076893625,1.822061759
-0.446042107,-5.259813971
4.924355338,0.63665106
-3.93604719,-3.579886088
4.69261228,0.678430441
3.746424373,2.932980131
4.638969584,-1.035794743
4.464364141,0.616002484
-3.55891903,-3.192701238
1.981761404,4.441942877
-4.498300487,-2.964040702
1.495434246,4.734537338
-3.720700791,-2.19503103
-0.661404171,-4.64431015
5.049177398,1.377929221
-0.205329783,-5.251599108
4.951818592,0.066770049
5.034365368,0.62903853
1.837906758,4.204571014
-3.211994821,-3.661007349
2.180068396,-3.888189981
-3.822671311,-3.714662804
3.047607003,3.83970148
-1.860502031,-4.494964227
1.254231155,-4.808657055
1.100737923,-4.957976323
-4.705045062,-2.444814203
4.329854228,-0.035304714
-4.195248026,-2.861382431
-4.054269543,-2.552518333
3.307054247,-3.351494829
3.378529191,3.898317644
4.734016109,0.140430739
3.546707722,4.191193029
3.879064285,-0.860810529
-3.25742698,-4.205846915
5.225096323,1.502869007
5.185237145,2.123248055
-0.96901222,-4.768789203
4.736765682,1.50275331
4.28998514,1.601709264
2.356611475,3.851973027
3.559304173,-2.859118048
-5.127010991,-3.39001134
5.340167126,0.049425568
5.038225855,-2.073779711
-1.972899053,-5.099319551
5.033722326,0.790185235
-3.641278553,-1.357931055
1.953161414,-4.722250312
-2.962679791,-4.581259092
-0.928939421,-5.122623594
-4.981283432,-2.966119144
-2.195744005,-4.823218354
-3.772916277,-3.568224934
4.258468054,-2.766497345
5.075675865,-1.572231316
2.846417758,-4.118583986
-1.477158506,-4.605230092
3.272726628,4.272534265
5.242259919,-0.955404377
4.866055145,2.839374841
4.419272122,-2.422414058
2.666840093,-3.95756584
-4.897668206,-3.07909205
-1.534301533,-5.012535741
2.564330613,-4.624346786
1.102982139,-4.695488994
0.767718562,-4.706195614
4.63280847,-2.433117616
-3.322012145,-3.298458295
-4.875624939,-2.167377234
4.226842555,3.673551596
5.180808521,2.083319158
4.242820861,-2.605607516
-1.124974858,-5.335135683
2.544726064,-4.268308008
3.749949266,2.426157113
2.759702082,3.653027353
5.763848203,-1.913639
3.316979607,3.101928053
4.663991355,-0.869076969
2.349667373,-5.092172746
2.782094839,-3.817898375
2.361545907,-4.628722958
-2.200591086,-3.84119663
-0.416572251,-5.090571372
-0.605282477,-5.258092558
4.222505756,-3.508624052
3.918486296,-3.164681802
-2.846813908,-4.864960624
4.774923475,-3.113213265
5.112824242,-1.185061437
5.00102666,0.408547421
-4.745689469,-2.880449199
2.183788204,-3.503077863
-3.354702714,-2.715089456
4.515935799,-0.385746077
2.999855393,-4.126541441
-4.39176481,-2.613041136
4.275499553,1.30802601
-0.683928576,-5.318102112
1.42990966,-5.602044683
3.068697927,3.18388738
-1.424292125,-4.76474309
1.493404245,-5.364587209
-3.379308544,-3.511054256
2.378377814,4.409470848
4.486414802,1.723036351
0.977134263,-5.622699109
1.189226714,-4.521983401
-2.608033821,-4.146856185
-2.336646575,-4.620661722
2.81934364,4.33907705
-0.318710115,-4.543123925
0.667156036,-4.969107656
-2.244557221,-5.055409344
4.557251694,-1.618658983
-1.937285413,-4.2453606
3.855900246,4.310821791
1.636005477,-4.635626832
-2.139658092,-4.774912018
-3.63890558,-3.192681191
3.577934788,2.742264914
-2.48425995,-4.699680959
-1.771438345,-4.630809534
5.288479336,-0.95981219
-0.075738172,-4.951946571
3.797138174,2.784679234
4.117298639,-3.162904801
4.364998023,-2.523794621
0.969517573,-5.631455749
3.626625309,-3.841690085
-1.610661359,-5.131126265
-1.761673775,-5.211279197
-1.870714943,-4.728243559
4.479378405,-2.160099695
5.256599371,1.338027618
-4.047346687,-2.134577992
3.675115577,3.085502888
3.069823974,3.587312585
4.731982977,-0.915324517
5.697830078,0.59969778
4.047705244,-2.650781581
3.606681566,2.180016865
-0.381572927,-4.634586787
0.232380163,-4.853348249
-1.929880721,-5.407298648
-3.505175207,-3.065582856
1.973557579,-4.765149038
4.273797982,2.550704129
4.388307771,-3.780834128
3.428831897,-4.012344271
4.664943163,-0.591357865
-0.889249778,-4.928576205
4.068853811,-1.142498129
4.122123195,2.827886464
4.923144666,-0.070598295
4.825948165,2.794147602
-2.719165875,-3.926151769
4.848995303,1.333849952
5.104788774,-0.506038211
1.442011016,-4.700117633
3.015397005,3.196975727
4.430554409,3.145326131
-3.314786533,-4.814238315
5.023758037,0.244202523
-3.506195404,-3.368306585
4.950878117,-2.33587872
4.490841499,-2.775370463
-0.291556286,-4.525456622
5.287904465,0.102658965
2.761831819,4.481328244
0.18322848,-5.088938551
4.399324004,-2.304789257
0.506123082,-4.5991532
4.844438285,-1.182827125
5.015047685,0.695307802
4.097951461,-3.365526495
-0.119407997,-5.06744649
-3.900694577,-3.119699466
-3.343388796,-3.756884593
-3.636373977,-3.731639795
3.70710765,2.99101401
0.515097939,-4.962723032
3.160179549,3.340862295
3.306936999,-3.814694626
2.208748645,5.023506844
-2.888626905,-4.320437255
-2.723968676,-4.569802444
3.263173793,4.281572156
-3.725981391,-2.790798718
5.082784592,-1.839469284
4.467805554,0.144380685
4.929590031,1.864437106
4.928886089,1.676608794
4.632229993,-1.583643253
3.687541737,3.227171373
4.80092623,-2.079420211
2.108046968,4.171401716
3.350635567,-3.681825629
3.457673669,-3.881473146
-3.248133223,-3.361069259
-2.901705186,-3.733666433
5.02676219,-1.325589564
-2.038756133,-4.354287256
-4.165829368,-2.034838407
4.957280576,1.59375206
3.663571558,-1.865180927
5.133478219,0.197122358
5.090558978,1.612750471
-3.422611264,-5.102395431
3.159286469,-3.787293473
2.744231783,4.872190933
3.328593452,3.738112334
4.148991744,2.63203684
3.945020951,3.54987365
5.66908608,0.48383924
-2.068481409,-4.579074749
-4.561050182,-3.340910815
0.406985455,-4.68325916
-0.111489883,-5.468557364
2.65508348,-4.298866138
5.261565273,1.674131261
0.99327626,-5.032977796
-0.599781576,-4.648408078
-3.489923052,-2.983627639
2.417744857,4.554315334
5.177015705,1.015220123
4.3806675,1.732307932
4.454314854,2.465064675
4.179640136,-1.745885396
5.119245497,2.013155036
-1.342678503,-5.327704244
-3.684401891,-3.839124121
-1.561355594,-3.92781345
3.580088542,3.445775414
4.339527246,-3.471722328
-3.805104042,-2.759701775
-3.07697172,-3.182530509
-4.099667175,-3.693855671
3.426295065,2.655477437
-0.005356908,-4.79832493
-1.713939157,-3.954080507
3.54278721,3.678363531
3.286137429,-3.598068169
0.541164309,-4.751088893
3.643689789,-3.46359592
4.446651938,-2.205403595
1.492103487,4.431933717
3.331503104,3.875070721
-2.643622271,-4.216473532
3.557881241,-3.693440831
-5.169178427,-3.355736495
3.846595531,-3.125023334
3.457164174,3.548857345
5.277782893,-0.167781952
2.448531793,3.644475156
-3.979577792,-2.855061014
-1.576329105,-4.880139065
4.877361492,-2.229793991
3.896406933,2.385469171
1.71626254,-4.907088307
-4.11805235,-2.742658125
-3.391718731,-4.413006034
-2.929309765,-3.291862587
-4.275242536,-3.605168879
4.581755093,-1.952768304
4.633537169,-2.650512446
1.913331476,-4.375519255
3.479523189,3.869738898
2.769910853,4.414604868
3.172189758,3.080899556
-1.910931806,-4.837775329
4.252689774,3.193425394
-0.771016745,-4.916143702
4.718551847,1.72461673
2.100201852,-4.943943788
4.505135048,-0.543864949
3.159203682,2.459663942
-3.93612666,-2.904335389
0.656390328,-5.168829265
4.610174412,2.97445254
3.882098589,3.42570898
-3.247449245,-4.112195246
0.469694529,-5.222196197
0.389332349,-5.296953879
3.729777541,-3.462618961
4.140112142,-2.14350851
2.453025283,-4.717410532
4.914272305,-2.179801307
4.38120383,0.645688333
-2.815486371,-4.05197586
4.541529654,3.488863318
4.655603379,2.839119107
3.725629314,3.318652186
3.331727285,3.930689892
5.179828866,-1.257474826
-2.384601519,-4.214922563
4.041027841,2.765335244
-0.856412401,-5.577309588
4.776247331,-1.948713678
4.624695294,-1.051366027
0.16421922,-5.022488838
2.73014762,4.309212265
4.542466003,2.153175085
4.575098705,-0.067422203
-1.752677494,-4.628377653
4.72692352,1.770181131
-4.012959876,-2.765916377
4.252051641,3.438046248
-1.584731697,-5.051321715
5.136669527,-0.439555008
-0.092351418,-4.884424996
-1.015026082,-4.819621772
5.93994717,0.860405881
4.691455968,0.423684068
4.694842471,0.544048867
4.600944919,-1.091471952
1.144559705,-5.210865972
4.007506123,-2.879475889
5.281162316,-0.576479926
2.785906106,4.38087565
1.222589238,-5.424031532
-2.488830643,-3.767886344
3.622991552,-3.863001482
-3.703326408,-3.594883495
3.235327144,4.328373462
-1.129820883,-4.865769899
-2.05537591,-4.596420671
-2.6848987,-4.31977055
4.734285796,1.599986653
5.360786097,0.087152773
4.342481272,-2.631515481
3.677095587,2.373264985
3.468946468,-2.265304354
3.337233897,-2.973332666
3.239633952,3.91085665
4.971590062,-1.879789832
4.885557418,-0.712305197
4.586554592,1.924009789
3.488917729,3.02194253
5.253272756,0.736551481
-2.858639966,-3.523608626
4.751476158,-1.038451038
2.562878409,5.398740981
-5.232291685,-1.612090086
4.541957276,-2.936068252
4.031301414,-2.303297238
-0.049035522,-4.629248919
-4.854074784,-2.596450367
5.15747004,-0.923167245
3.554035294,-3.42898166
5.285499523,0.238016492
1.908838348,5.325440985
-0.966959736,-4.681551842
-1.844446605,-5.415090567
4.880011873,-2.598434427
4.054826639,3.497295517
2.283282266,-5.446890663
3.532189888,-3.256199052
2.98028666,-3.599975234
3.034010381,-3.49558744
3.245185274,4.699955577
-3.606463706,-3.892803257
-2.438590866,-4.505293246
2.853280455,-4.881814508
4.417457157,2.473391785
1.857175537,-3.828755587
-4.409100197,-2.750292409
5.374701336,0.724684495
3.763100085,2.682823296
3.405079706,-4.035992586
1.967206767,-4.659205737
5.48674788,0.818485561
4.88315428,-2.779792377
4.733996233,-0.205905186
2.82088364,4.736381434
2.903483917,-4.004333705
1.446475843,-4.021465324
2.352909292,4.35069454
0.981593246,-5.470490484
3.745336055,-3.62930804
4.879454552,-2.493944691
1.284384515,-5.173788419
-1.84500581,-5.113148642
-0.219092435,-5.082582138
3.960028347,3.398417438
3.821426254,4.316051972
3.249154031,3.452470575
-3.271659822,-3.744416508
-0.477683491,-4.521248763
4.841286858,-0.039605564
3.69995454,1.089728287
-2.983740931,-3.296950882
3.739393971,2.9657982
4.313368895,3.298432264
4.912711983,0.107633505
-2.16189047,-4.66984014
3.471012298,3.881152606
3.544961039,-3.376670841
-0.640101072,-5.14670961
4.676182178,0.311933927
1.980698721,4.234785605
4.506470856,-3.173744582
4.482900372,-1.352710018
4.581860125,1.430608435
1.196082227,-4.267480785
-2.72629391,-4.386508505
-2.216123249,-4.660185882
4.28368025,2.039441918
-4.146678139,-3.377389285
-3.02363351,-4.396516678
-4.68007584,-2.397973979
-4.47013501,-2.927610139
4.907277817,2.508137715
-3.966101898,-3.157602513
2.201851993,-3.803484753
0.065261711,-4.703106599
-4.074997015,-2.582150498
-3.627071642,-3.487760647
3.90700303,2.092309212
2.746938173,3.763754048
2.682890218,-4.192597305
3.002948964,-3.116984701
-0.654039091,-4.97461207
3.842685897,1.523298084
4.630365036,0.37897525
2.147453904,-4.658506395
2.719819382,-3.723746815
4.767449526,-1.254587223
-3.111867777,-3.385144346
2.258554715,-3.784003467
4.751457988,2.866070452
-2.272002988,-3.716842055
3.990784782,-2.216342921
4.885913686,1.101717982
-4.040735076,-2.843217415
2.84755944,4.644597127
3.694326801,3.288243282
3.984117151,-2.8329555
-3.012033118,-3.876996584
-2.124581066,-5.240252815
2.237696324,-3.083391034
4.765090987,-1.302008383
5.361866989,-0.13982089
2.977929282,-4.903099274
2.296984193,-4.677807016
4.784819383,2.873854724
3.221817737,-4.025927482
-1.159436919,-4.415073005
4.356472294,-2.916685571
-0.907053725,-4.637644338
-3.81071738,-3.715351559
3.345240218,-3.909356871
-3.576100877,-2.361573424
-3.833097922,-2.070970295
-2.425235137,-3.776771049
0.024153126,-4.810090511
4.929465527,2.700134148
4.998386595,-0.92737693
3.34758306,-3.60986424
-2.645937041,-4.029426109
1.86110048,4.110295091
-4.191154156,-2.343363543
-1.078012927,-5.070694657
4.322843965,2.23740598
5.04404107,3.500922858
3.947398962,-2.586410956
-1.589500741,-4.420973711
-2.603306204,-3.647992824
5.184376232,0.048668426
4.716855637,1.931629332
-1.424211117,-4.623261795
0.903482316,-5.24441956
3.474730379,-3.781811141
4.872996785,-1.799697211
4.325702308,-2.906396769
1.562240056,4.770265214
4.501509858,1.562859213
2.781125914,4.548373667
1.820178193,-4.537181068
4.180278278,0.739488822
-1.596804807,-5.033503711
3.302531881,-2.439595132
-4.545909061,-1.810768152
4.3845698,1.498820053
4.397657785,0.841660104
4.652486421,-1.507155755
5.228713225,0.462127741
3.013750162,-4.5742189
4.975966794,0.545290594
-1.463810639,-3.433671749
4.186434308,-3.449573981
4.323495097,2.90887999
4.463090876,2.145884827
2.490895789,5.385144025
2.153459355,-4.664777008
-3.095068749,-3.930501878
-0.359693792,-4.733171727
3.061688276,-3.158563333
0.627707086,-5.594184093
-2.923902123,-4.120402603
-1.865944224,-4.274546541
-2.5314079,-4.364971345
4.949319416,2.35864414
-2.825161172,-3.254397143
5.008583118,0.802624597
4.645063344,0.797722221
-4.291919681,-1.862730025
5.042018443,-2.077684391
-4.261459299,-3.033054927
-0.335915383,-5.257774205
4.067603002,-2.94420422
5.159046568,-0.419787372
-1.13069917,-5.239094158
1.774728274,4.147050324
4.012770208,-4.494434223
4.62818182,-1.712576485
4.588675815,2.443929938
0.828066412,-5.128003297
-0.585527472,-5.144515108
2.845775759,3.346812807
0.138441851,-4.838465225
-4.293348781,-2.474140997
5.292988849,-0.886610781
4.652707637,0.210393608
-4.328890924,-1.900519942
4.927365226,0.693399706
-0.919750695,-4.626447268
5.333447705,0.198778287
4.064526184,1.777535337
-3.643339218,-2.933412788
5.457522368,1.271669752
4.271173512,-2.424460496
-4.270535212,-4.058154618
-0.646141978,-4.998553613
-4.415274764,-3.18674913
2.118599347,5.318103232
2.737844419,4.504211572
4.465060329,-3.169281825
3.696533417,3.59696335
1.68366188,-5.018830925
-0.396964043,-5.377622624
-4.611829649,-1.454787362
-0.60598019,-5.661909074
4.652416155,0.899514782
4.258588407,2.54307434
-2.007219391,-4.159633303
4.513957091,-1.074312042
3.221540433,-3.573772401
4.916201896,-2.808083591
4.307900231,2.037278223
-2.765827127,-5.000040896
-2.789924668,-3.339457581
4.787952309,2.240611301
-4.396489204,-2.573629772
2.139588378,-4.343754435
4.477049929,-1.336027232
-3.002216654,-4.367532321
-2.923666781,-3.885021557
-1.942947568,-5.260517268
4.596322883,-1.658756338
3.259086335,-3.088044701
2.917294323,4.264297072
-2.998168499,-4.085553242
-2.381807152,-4.978158729
-0.501255261,-5.138498576
4.539915186,-0.582163225
0.977709558,-5.598031744
5.05216486,1.123013208
4.59653463,-3.649938541
2.697290661,-4.363332102
4.841939283,-1.877110462
1.260489383,-4.582910415
-0.079301125,-4.782826657
4.982318957,1.857306008
-4.666637321,-3.036729322
3.432307237,-3.919014703
3.519255537,4.844091329
1.959742597,-4.527894613
2.677907095,-4.426173826
3.798595526,-3.385377758
-0.423536158,-4.813353826
-0.416359414,-4.941575722
-4.496331654,-3.153196605
4.263768242,-3.706989881
-3.319423672,-3.438678392
2.800291116,-4.780820167
-4.031878612,-4.348264816
4.38839144,0.068122282
-2.625818373,-4.749363007
-2.885331141,-4.019041321
-0.964233743,-4.682855082
-1.41328884,-4.446102503
-2.727525228,-4.214265881
5.146988546,0.553043807
2.525440194,3.535448076
5.140770108,-0.996176714
3.547651438,4.331717834
-0.221417871,-4.919346812
1.809360954,-4.993772522
4.353936338,-0.044998965
-3.546417258,-2.250693454
5.182950455,-2.092959348
-1.23889747,-5.03383063
5.368284421,-0.741191205
-2.07716129,-3.690336497
4.781217201,2.081238745
4.780181083,-1.072181561
5.049268377,2.469493101
4.446687559,-2.314738948
4.111065299,0.30523307
4.746475085,0.81590974
-1.213695885,-4.593881149
-4.363968642,-3.76552307
4.488538812,1.719783571
4.679910998,-0.416478939
2.051798694,4.608842729
-1.073579373,-5.011505344
-3.13965726,-3.466611595
-0.114477536,-5.125302846
-3.290730235,-3.434397123
2.276625817,-4.534012616
2.902795947,3.954692927
-0.206776493,-5.46722287
5.536991244,-0.004282528
-0.732710814,-4.194554281
-1.949134567,-3.990590554
-1.559295778,-4.70257057
4.854978026,-2.111130108
1.184767651,-4.104559078
3.032374339,4.854915389
-3.725439667,-2.829973014
5.224103041,1.295408758
-2.977363372,-3.396307583
4.869633787,-1.96307271
3.636046206,4.004962268
-2.630610101,-3.556278588
-0.569821661,-4.786072789
3.517256947,3.980720786
-2.749134742,-3.802734994
3.726748073,-2.430882894
-8.108755007,-4.927384717
-2.261502165,0.431612122
-1.622288783,-0.017257045
-8.05285654,-4.897824923
-8.436479879,-2.12491499
-2.962451974,1.385570782
-7.512454726,-0.398551986
-5.301045787,1.580862719
-5.531551306,0.465824806
-1.88759821,1.182931781
-6.96339509,-7.8697664
-7.092715506,-7.5628734
-7.592518432,-4.52854992
-5.990551301,1.213409032
-0.189015348,-0.453612196
-8.906679885,-4.458391622
-4.778513859,1.039491385
-5.199058096,0.603764987
-6.612092969,0.051784117
-6.084588703,1.240471123
-6.019497998,0.553448973
-1.884814884,0.645124553
-6.243203265,0.855783933
-8.622587955,-5.713876771
-7.953191942,-6.492849134
0.187298486,-1.070303654
-6.976500822,-7.747721258
-1.373227945,0.497965333
-8.700205912,-5.142347511
-1.471241545,0.900317293
-4.580861654,1.004948229
-8.758128037,-4.266398297
-5.533645466,0.642777549
-4.372234774,1.172033334
-1.694680093,1.416729317
-9.139885213,-4.300198976
-6.274368876,0.389072586
0.105449205,-0.690796671
-0.305078777,-0.230918351
-6.222555974,1.749416231
-0.120552864,0.213967726
-8.204778519,-6.549235594
-9.158817904,-4.643426485
0.420136328,-0.063369134
-7.70039773,-1.303931969
0.495692685,-2.061445064
-0.37074416,0.626545612
-8.168702771,-5.252622546
-6.98030203,0.286247558
-8.300031529,-5.807138623
-1.812619304,-0.124123705
-6.195782184,0.790100196
-4.086666008,1.189515792
-4.818209852,1.001666515
-8.723312578,-3.410145315
-7.402733372,-6.795170392
-5.993059635,-7.497853552
-6.413996015,-8.272908443
-8.208597753,-6.107142844
-9.655022144,-4.409643142
-0.799971096,0.941771852
-6.722079555,-7.205168609
-4.998363469,1.210226259
-5.092924982,-8.479885509
-9.31571769,-2.527872176
-0.413297308,-0.165569467
-5.587146496,1.136434548
-8.1492349,-6.07734843
-1.368409359,0.313144071
0.458080242,-1.553635503
-7.727177037,-1.083162837
0.545987736,-2.464396078
-1.205956266,1.546897824
-8.425748527,-1.851785674
0.845993921,0.135967143
-7.400920325,-7.946728861
-8.662433792,-3.561548996
-8.414048913,-2.749506273
-5.484242731,0.922952813
-7.593416816,-0.524392557
-8.116945293,-3.37700652
0.660968096,-0.338402573
-6.892354954,-7.707247854
-8.123140289,-1.7098225
-8.03362568,-6.990070281
-0.189742005,-0.286246285
-7.94451704,-7.609030805
-2.251158408,0.788450003
0.263608164,-0.866645804
-8.076046927,-2.955027787
-8.732382718,-3.481072459
-7.575603402,-6.459226603
-8.50486525,-3.955490439
-8.528560361,-1.202768801
-8.564441588,-3.509162725
-7.822646798,-0.499205908
-6.406671955,-8.453117286
-7.905682425,-0.349888935
-1.11610279,0.841023573
-2.543255893,0.740120917
-8.90314409,-2.711630851
-1.736512521,1.504806074
-7.651430514,-6.880175532
-6.884004022,-7.819062598
-7.711590813,-0.99751613
-8.349069782,-6.098948114
-8.493910011,-3.975802958
-7.883884858,-0.360226492
-0.695693349,0.323241064
-8.899489802,-4.523532315
0.424226147,-0.935906743
0.091068825,-0.33179381
-3.346504902,1.110919434
-7.774270983,-6.976573878
-8.661725766,-3.086969817
-7.196393489,-6.151883836
-7.750141399,-0.409635819
-9.396472682,-3.643468424
0.479867082,-1.273250165
-5.564518613,-0.052533613
-0.514246101,0.624861181
-5.362407377,0.47844981
-5.99939604,0.270923654
-5.129265976,1.041891359
-8.391911226,-2.403313962
-7.897059285,-5.726169343
0.160929063,-1.440161157
-5.390810935,0.402633989
-7.527763905,-0.741201175
-2.316670101,1.143004617
-6.23065448,-7.677116562
-0.872265311,0.279488508
-1.598969613,0.563515294
-6.870985888,-0.580203599
-8.141559678,-4.244764427
-8.955686112,-5.580867834
-8.286034383,-1.335169115
-8.457878489,-3.974389036
0.954108192,-0.914158399
-7.744075161,-1.987281719
-4.132391994,1.225024669
-0.121315254,-0.535721771
-0.610508344,0.333954788
-0.288661906,0.786740164
-9.114331016,-3.57889713
-7.171248687,-0.866977417
-2.235236922,0.61802179
-1.308566807,-0.154133342
-3.867443753,1.219130209
-9.001768817,-4.624770893
-8.209642669,-4.622089788
-8.715035452,-0.813988442
-8.918848186,-5.466096877
-4.721372829,1.657677895
-7.189404452,-6.979237266
0.098227067,-0.22765648
-8.604581671,-5.1724739
-7.438239554,-0.751023346
-2.059661731,0.625663191
-5.832887246,-8.241909528
-5.518491937,0.76097576
-7.118873903,-7.257836193
0.635006928,-0.861845808
-2.610522497,0.651051761
-1.894528727,0.697481186
-7.765929342,-0.253992897
-3.232241307,0.942886982
-0.654244678,0.355683063
-7.660193742,-6.068690562
0.001032743,-1.75281056
-5.850438944,-0.154457549
-6.730150158,-0.199394638
-1.321080043,0.012653939
0.190269151,-0.39244444
-8.525880556,-4.479658408
-8.309516743,-2.281744137
0.95285339,-1.35526952
-6.012896724,0.825120384
-5.073469875,0.98689621
-5.553178967,1.465547439
-6.003661173,0.646784689
-8.628328108,-3.735679868
-6.148475839,-7.614437188
-9.070957309,-3.403053879
0.480101847,-1.688611171
-0.211672775,-0.075849239
0.500392429,-0.651645856
-6.229256455,-8.736261685
-6.748942002,-7.398734692
-2.556813257,1.791952682
-1.386856599,1.948196237
-3.905764649,1.688852598
-9.216619954,-6.043672081
-7.112131219,0.044226985
-1.188968975,0.895453826
-6.175943942,-8.182912903
-8.566046406,-5.108808605
-1.9136466,0.556453265
0.688699799,-0.475068318
-8.113450513,-2.474876882
-7.410358163,-5.80735741
-7.516773451,-6.788087724
-3.419817541,1.462497081
-3.215080141,1.188767207
-1.299743694,-0.018830552
-7.122277558,-0.307057877
-9.000452943,-5.204487995
-0.249556252,-0.071001458
0.855618443,-1.035371713
-5.057251814,1.08413143
-8.204562177,-1.525416048
-8.897849657,-4.837176406
-6.786648513,0.409574713
0.013813276,-0.919512681
-3.792914383,0.97499551
-0.810634152,-0.100070979
-0.922817126,0.752318803
-7.731118088,-2.390929562
-5.439513406,-8.300170416
-1.152073914,0.412532784
-1.503830985,0.400913193
-0.264111382,-0.456620834
-8.67040007,-5.299297294
-6.201257122,-8.907895531
-8.929692474,-4.702177713
-6.303279301,0.230260276
-8.282808939,-5.674275786
-8.584300395,-5.098539257
-8.458707255,-3.606431988
-7.026176309,-6.827273596
-2.787358613,0.746663079
-8.377802104,-3.20005364
-0.337809276,0.066234921
-5.212964897,0.634617278
0.666607801,-0.337933611
-6.360430002,0.011580766
-4.592179073,1.287370807
-6.738601529,-0.090113837
-2.702159262,1.039956064
-7.825047851,-1.689821175
-4.325482064,1.150750252
-5.049447735,1.263087277
-6.246054857,0.367757502
1.372827777,-1.403991415
-7.997706367,-0.701406669
-9.477033396,-4.957629233
-8.490246207,-4.888584353
-7.213403066,-7.223370956
-3.558921472,1.232809339
-1.326103634,0.609754393
-8.835725264,-2.236782242
-7.786932579,-0.875311946
-2.753621509,1.246143688
-8.261409506,-1.005244155
0.014116607,-1.059885674
0.241061529,-0.729093397
-8.651816184,-5.613416641
-5.10173003,0.418992966
-7.950976786,-4.263895634
0.615782582,-1.417200022
-5.980197591,-7.861539092
-8.627502545,-2.133220946
-8.230393586,-1.598673726
-2.950093476,1.205544993
-7.802769466,-7.339835368
-8.258531751,-6.691114602
-1.796088367,0.260245498
-5.963931257,0.765812237
-4.482901542,0.752928539
-8.638317467,-4.379328427
-7.594937133,-6.810931278
-8.942448606,-3.187045246
-1.836076374,1.545762556
0.599389021,-1.702745465
-4.284742216,1.191404139
-7.581342723,-1.006033456
-3.422674927,0.668233605
-1.657394065,0.482127737
-2.902930493,0.976986379
-3.040650762,0.710735105
-8.356294407,-3.025436543
-0.094053035,-1.906519058
-8.580773758,-4.400338812
-7.341895499,0.930837188
-8.94728839,-3.887991203
-8.941655668,-3.132554125
-7.385422935,-1.511495643
-4.619031805,1.711042664
-3.609985215,1.260825967
-5.543974555,1.084905136
-6.308706363,0.328667952
0.17859561,-0.833772392
-2.33411744,0.872164716
-0.675306955,0.008699849
-8.02478541,-2.010283429
-6.966345034,-8.036119615
-4.115298594,0.843720373
-8.221875923,-4.112921333
-6.395173384,-0.382261875
-8.529204128,-4.938163325
-6.292279844,0.948929152
-2.980456144,1.406263723
0.149803745,-0.631856843
-8.280346867,-3.407134614
-6.218808614,-8.230885579
-5.920861324,0.655934081
-7.373687504,-0.835053494
-7.561814943,-7.721216095
-9.159796535,-3.167987941
-6.883332974,-0.181567304
-2.973935086,1.332466662
0.207874242,-0.421423874
-7.639404284,-6.224644389
-7.041843528,-0.336626925
-8.218013863,-5.737931222
-7.108838312,-4.176012174
-2.382204916,1.066071609
-6.527993299,-7.854935132
-3.269742436,1.524483159
-7.968173446,-6.294592524
-7.201040876,-7.902900462
-7.465723939,-0.320392131
-3.692353777,1.2060733
-5.481663073,1.257163403
-7.889643498,-0.722066605
-0.181660155,0.237321483
-6.296340372,-7.95706953
-5.438313338,-8.044337563
-6.913525179,-6.870972618
-8.389479795,-4.567105418
-8.11588195,-1.540281305
-8.800403521,-4.476693804
-9.125759288,-3.243539423
-7.502852708,-1.422796455
-9.048107235,-2.748391146
-6.762800472,0.533271027
-9.116644479,-4.156092106
0.436420571,-0.314100812
-7.874819657,-0.979536241
0.182966467,-0.87566459
-8.647314982,-1.851470832
-7.594337246,-0.275806626
-1.077807297,0.001187816
-5.32902382,-0.084439213
-8.562571039,-1.667995657
-8.420586522,-4.304704397
-7.276753597,-0.480138528
-8.301324213,-4.669807782
-8.047497928,-6.488935634
-7.246900626,-0.953067481
-7.310056792,-8.641298706
-7.049781704,-8.146394303
-7.454153806,-0.81971054
-8.049008993,-6.989166563
-5.870328584,-7.939876347
0.889447371,-0.869150673
-1.893565071,0.501977139
-1.430062023,-0.213519451
-8.623078528,-5.94275646
-8.457914441,-1.763311648
-1.764615612,0.401009368
-6.102809991,1.066003388
-7.260895611,-1.114605904
-8.218409702,-4.409744472
-6.048674513,0.000728372
-8.452384014,-4.260949053
-8.796358114,-5.135946356
-9.069313031,-1.012213277
-8.381287731,-5.916498016
-2.299375774,1.050320426
-4.645745865,0.763101977
0.954831062,-1.848614704
-7.975893765,-6.986196053
-4.067334992,1.757581051
-1.87612769,1.587439387
-7.184374484,-6.480978538
-4.393582716,1.16516118
-0.548160705,0.608373669
-8.270667139,-0.456011422
-5.456970627,1.407450332
-0.742371331,0.300512308
0.510100248,-1.49324728
-2.45423424,1.630044253
0.608849359,-0.797273907
-4.764160055,0.712673786
-7.092137425,0.679028406
-6.109552906,0.478380133
-7.77895403,-7.072644586
-8.710476061,-6.07167733
-5.505704921,0.433641015
-7.596479516,-7.201981504
-4.489823218,1.308166586
-0.299861177,0.208240281
-7.362684215,-7.966055247
-6.213818278,0.620458488
-2.708925475,1.096127372
-2.15238785,0.217226167
-2.803631033,0.937348187
-8.451687469,-4.467582865
0.407885994,-1.565323609